"Chronic Absenteeism, 2018-19"
"All Districts, Race/Ethnicity"

"",,,"Chronically Absent",
"District","District Code","Race/Ethnicity","Student Count","%"
"Achievement First Bridgeport Academy District","=""2850013""","American Indian or Alaska Native",0,"*"
"Achievement First Bridgeport Academy District","=""2850013""","Asian",0,"*"
"Achievement First Bridgeport Academy District","=""2850013""","Black or African American",27,4.8
"Achievement First Bridgeport Academy District","=""2850013""","Hispanic/Latino of any race",32,6.8
"Achievement First Bridgeport Academy District","=""2850013""","Native Hawaiian or Other Pacific Islander",0,"*"
"Achievement First Bridgeport Academy District","=""2850013""","Two or More Races","*","*"
"Achievement First Bridgeport Academy District","=""2850013""","White","*","*"
"Achievement First Hartford Academy District","=""2880013""","American Indian or Alaska Native",0,"*"
"Achievement First Hartford Academy District","=""2880013""","Asian",0,"*"
"Achievement First Hartford Academy District","=""2880013""","Black or African American",31,4.1
"Achievement First Hartford Academy District","=""2880013""","Hispanic/Latino of any race",37,13.0
"Achievement First Hartford Academy District","=""2880013""","Native Hawaiian or Other Pacific Islander",0,"*"
"Achievement First Hartford Academy District","=""2880013""","Two or More Races","*","*"
"Achievement First Hartford Academy District","=""2880013""","White","*","*"
"Amistad Academy District","=""2790013""","American Indian or Alaska Native",0,"*"
"Amistad Academy District","=""2790013""","Black or African American",52,8.0
"Amistad Academy District","=""2790013""","Hispanic/Latino of any race",14,4.0
"Amistad Academy District","=""2790013""","Two or More Races","*","*"
"Amistad Academy District","=""2790013""","White","*","*"
"Andover School District","=""0010011""","Hispanic/Latino of any race",0,"*"
"Andover School District","=""0010011""","Two or More Races",0,"*"
"Andover School District","=""0010011""","White","*","*"
"Ansonia School District","=""0020011""","American Indian or Alaska Native",0,"*"
"Ansonia School District","=""0020011""","Asian","*","*"
"Ansonia School District","=""0020011""","Black or African American",66,15.9
"Ansonia School District","=""0020011""","Hispanic/Latino of any race",132,15.5
"Ansonia School District","=""0020011""","Native Hawaiian or Other Pacific Islander","*","*"
"Ansonia School District","=""0020011""","Two or More Races",16,15.2
"Ansonia School District","=""0020011""","White",101,13.0
"Area Cooperative Educational Services","=""2440014""","American Indian or Alaska Native",0,"*"
"Area Cooperative Educational Services","=""2440014""","Asian","*","*"
"Area Cooperative Educational Services","=""2440014""","Black or African American",158,26.8
"Area Cooperative Educational Services","=""2440014""","Hispanic/Latino of any race",157,23.8
"Area Cooperative Educational Services","=""2440014""","Native Hawaiian or Other Pacific Islander","*","*"
"Area Cooperative Educational Services","=""2440014""","Two or More Races",17,21.5
"Area Cooperative Educational Services","=""2440014""","White",92,20.0
"Ashford School District","=""0030011""","Asian",0,"*"
"Ashford School District","=""0030011""","Black or African American",0,"*"
"Ashford School District","=""0030011""","Hispanic/Latino of any race","*","*"
"Ashford School District","=""0030011""","Native Hawaiian or Other Pacific Islander",0,"*"
"Ashford School District","=""0030011""","Two or More Races",0,"*"
"Ashford School District","=""0030011""","White","*","*"
"Avon School District","=""0040011""","American Indian or Alaska Native","*","*"
"Avon School District","=""0040011""","Asian",27,4.5
"Avon School District","=""0040011""","Black or African American",12,7.9
"Avon School District","=""0040011""","Hispanic/Latino of any race",18,9.0
"Avon School District","=""0040011""","Two or More Races","*","*"
"Avon School District","=""0040011""","White",75,3.7
"Barkhamsted School District","=""0050011""","Asian",0,"*"
"Barkhamsted School District","=""0050011""","Black or African American",0,"*"
"Barkhamsted School District","=""0050011""","Hispanic/Latino of any race",0,"*"
"Barkhamsted School District","=""0050011""","Two or More Races",0,"*"
"Barkhamsted School District","=""0050011""","White","*","*"
"Berlin School District","=""0070011""","American Indian or Alaska Native",0,"*"
"Berlin School District","=""0070011""","Asian","*","*"
"Berlin School District","=""0070011""","Black or African American","*","*"
"Berlin School District","=""0070011""","Hispanic/Latino of any race",35,11.3
"Berlin School District","=""0070011""","Two or More Races","*","*"
"Berlin School District","=""0070011""","White",58,2.6
"Bethany School District","=""0080011""","American Indian or Alaska Native",0,"*"
"Bethany School District","=""0080011""","Asian","*","*"
"Bethany School District","=""0080011""","Black or African American",0,"*"
"Bethany School District","=""0080011""","Hispanic/Latino of any race","*","*"
"Bethany School District","=""0080011""","Two or More Races",0,"*"
"Bethany School District","=""0080011""","White",15,5.3
"Bethel School District","=""0090011""","American Indian or Alaska Native",0,"*"
"Bethel School District","=""0090011""","Asian",10,5.0
"Bethel School District","=""0090011""","Black or African American","*","*"
"Bethel School District","=""0090011""","Hispanic/Latino of any race",25,4.2
"Bethel School District","=""0090011""","Native Hawaiian or Other Pacific Islander",0,"*"
"Bethel School District","=""0090011""","Two or More Races","*","*"
"Bethel School District","=""0090011""","White",80,4.0
"Bloomfield School District","=""0110011""","American Indian or Alaska Native",0,"*"
"Bloomfield School District","=""0110011""","Asian",0,"*"
"Bloomfield School District","=""0110011""","Black or African American",92,6.3
"Bloomfield School District","=""0110011""","Hispanic/Latino of any race",35,16.7
"Bloomfield School District","=""0110011""","Native Hawaiian or Other Pacific Islander",0,"*"
"Bloomfield School District","=""0110011""","Two or More Races",11,14.5
"Bloomfield School District","=""0110011""","White",12,12.2
"Bolton School District","=""0120011""","Asian",0,"*"
"Bolton School District","=""0120011""","Black or African American",11,22.9
"Bolton School District","=""0120011""","Hispanic/Latino of any race","*","*"
"Bolton School District","=""0120011""","Two or More Races","*","*"
"Bolton School District","=""0120011""","White",17,2.9
"Booker T. Washington Academy District","=""2950013""","Black or African American","*","*"
"Booker T. Washington Academy District","=""2950013""","Hispanic/Latino of any race","*","*"
"Booker T. Washington Academy District","=""2950013""","Two or More Races",0,"*"
"Booker T. Washington Academy District","=""2950013""","White",0,"*"
"Bozrah School District","=""0130011""","Black or African American",0,"*"
"Bozrah School District","=""0130011""","Hispanic/Latino of any race","*","*"
"Bozrah School District","=""0130011""","Two or More Races","*","*"
"Bozrah School District","=""0130011""","White",6,4.3
"Branford School District","=""0140011""","American Indian or Alaska Native",0,"*"
"Branford School District","=""0140011""","Asian",10,5.2
"Branford School District","=""0140011""","Black or African American","*","*"
"Branford School District","=""0140011""","Hispanic/Latino of any race",30,9.8
"Branford School District","=""0140011""","Two or More Races","*","*"
"Branford School District","=""0140011""","White",138,6.9
"Brass City Charter School District","=""2900013""","American Indian or Alaska Native",0,"*"
"Brass City Charter School District","=""2900013""","Asian","*","*"
"Brass City Charter School District","=""2900013""","Black or African American",11,13.3
"Brass City Charter School District","=""2900013""","Hispanic/Latino of any race",8,6.6
"Brass City Charter School District","=""2900013""","Two or More Races",0,0.0
"Brass City Charter School District","=""2900013""","White","*","*"
"Bridgeport School District","=""0150011""","American Indian or Alaska Native","*","*"
"Bridgeport School District","=""0150011""","Asian",36,7.2
"Bridgeport School District","=""0150011""","Black or African American",1234,18.5
"Bridgeport School District","=""0150011""","Hispanic/Latino of any race",1956,20.7
"Bridgeport School District","=""0150011""","Native Hawaiian or Other Pacific Islander","*","*"
"Bridgeport School District","=""0150011""","Two or More Races",30,15.1
"Bridgeport School District","=""0150011""","White",418,16.3
"Bristol School District","=""0170011""","American Indian or Alaska Native","*","*"
"Bristol School District","=""0170011""","Asian","*","*"
"Bristol School District","=""0170011""","Black or African American",54,10.0
"Bristol School District","=""0170011""","Hispanic/Latino of any race",308,13.4
"Bristol School District","=""0170011""","Native Hawaiian or Other Pacific Islander",0,"*"
"Bristol School District","=""0170011""","Two or More Races",36,11.6
"Bristol School District","=""0170011""","White",326,7.6
"Brookfield School District","=""0180011""","American Indian or Alaska Native","*","*"
"Brookfield School District","=""0180011""","Asian","*","*"
"Brookfield School District","=""0180011""","Black or African American","*","*"
"Brookfield School District","=""0180011""","Hispanic/Latino of any race",30,8.9
"Brookfield School District","=""0180011""","Native Hawaiian or Other Pacific Islander",0,"*"
"Brookfield School District","=""0180011""","Two or More Races","*","*"
"Brookfield School District","=""0180011""","White",81,4.2
"Brooklyn School District","=""0190011""","American Indian or Alaska Native",0,"*"
"Brooklyn School District","=""0190011""","Asian","*","*"
"Brooklyn School District","=""0190011""","Black or African American","*","*"
"Brooklyn School District","=""0190011""","Hispanic/Latino of any race",10,11.4
"Brooklyn School District","=""0190011""","Native Hawaiian or Other Pacific Islander",0,"*"
"Brooklyn School District","=""0190011""","Two or More Races","*","*"
"Brooklyn School District","=""0190011""","White",28,4.4
"Canaan School District","=""0210011""","Hispanic/Latino of any race",0,"*"
"Canaan School District","=""0210011""","Two or More Races",0,"*"
"Canaan School District","=""0210011""","White",8,12.9
"Canterbury School District","=""0220011""","American Indian or Alaska Native",0,"*"
"Canterbury School District","=""0220011""","Asian",0,"*"
"Canterbury School District","=""0220011""","Black or African American",0,"*"
"Canterbury School District","=""0220011""","Hispanic/Latino of any race","*","*"
"Canterbury School District","=""0220011""","Two or More Races",0,"*"
"Canterbury School District","=""0220011""","White","*","*"
"Canton School District","=""0230011""","Asian","*","*"
"Canton School District","=""0230011""","Black or African American",10,10.3
"Canton School District","=""0230011""","Hispanic/Latino of any race",16,15.7
"Canton School District","=""0230011""","Native Hawaiian or Other Pacific Islander",0,"*"
"Canton School District","=""0230011""","Two or More Races","*","*"
"Canton School District","=""0230011""","White",51,4.1
"Capital Preparatory Harbor School District","=""2970013""","American Indian or Alaska Native",0,"*"
"Capital Preparatory Harbor School District","=""2970013""","Black or African American",47,10.6
"Capital Preparatory Harbor School District","=""2970013""","Hispanic/Latino of any race",20,13.1
"Capital Preparatory Harbor School District","=""2970013""","Two or More Races",0,"*"
"Capital Preparatory Harbor School District","=""2970013""","White",0,"*"
"Capitol Region Education Council","=""2410014""","American Indian or Alaska Native","*","*"
"Capitol Region Education Council","=""2410014""","Asian",50,11.8
"Capitol Region Education Council","=""2410014""","Black or African American",396,17.7
"Capitol Region Education Council","=""2410014""","Hispanic/Latino of any race",727,25.8
"Capitol Region Education Council","=""2410014""","Native Hawaiian or Other Pacific Islander","*","*"
"Capitol Region Education Council","=""2410014""","Two or More Races",53,14.1
"Capitol Region Education Council","=""2410014""","White",186,10.8
"Chaplin School District","=""0240011""","Asian",0,"*"
"Chaplin School District","=""0240011""","Black or African American",0,"*"
"Chaplin School District","=""0240011""","Hispanic/Latino of any race",0,"*"
"Chaplin School District","=""0240011""","Two or More Races","*","*"
"Chaplin School District","=""0240011""","White","*","*"
"Cheshire School District","=""0250011""","American Indian or Alaska Native",0,"*"
"Cheshire School District","=""0250011""","Asian",23,5.7
"Cheshire School District","=""0250011""","Black or African American","*","*"
"Cheshire School District","=""0250011""","Hispanic/Latino of any race",24,9.8
"Cheshire School District","=""0250011""","Two or More Races","*","*"
"Cheshire School District","=""0250011""","White",191,5.7
"Chester School District","=""0260011""","Asian",0,"*"
"Chester School District","=""0260011""","Black or African American",0,"*"
"Chester School District","=""0260011""","Hispanic/Latino of any race",0,"*"
"Chester School District","=""0260011""","Two or More Races","*","*"
"Chester School District","=""0260011""","White","*","*"
"Clinton School District","=""0270011""","American Indian or Alaska Native",0,"*"
"Clinton School District","=""0270011""","Asian","*","*"
"Clinton School District","=""0270011""","Black or African American",0,"*"
"Clinton School District","=""0270011""","Hispanic/Latino of any race",24,8.5
"Clinton School District","=""0270011""","Native Hawaiian or Other Pacific Islander",0,"*"
"Clinton School District","=""0270011""","Two or More Races","*","*"
"Clinton School District","=""0270011""","White",101,7.7
"Colchester School District","=""0280011""","American Indian or Alaska Native",0,"*"
"Colchester School District","=""0280011""","Asian",0,0.0
"Colchester School District","=""0280011""","Black or African American","*","*"
"Colchester School District","=""0280011""","Hispanic/Latino of any race",11,7.1
"Colchester School District","=""0280011""","Native Hawaiian or Other Pacific Islander",0,"*"
"Colchester School District","=""0280011""","Two or More Races","*","*"
"Colchester School District","=""0280011""","White",117,6.2
"Colebrook School District","=""0290011""","Hispanic/Latino of any race",0,"*"
"Colebrook School District","=""0290011""","Two or More Races",0,"*"
"Colebrook School District","=""0290011""","White","*","*"
"Columbia School District","=""0300011""","American Indian or Alaska Native",0,"*"
"Columbia School District","=""0300011""","Asian",0,"*"
"Columbia School District","=""0300011""","Black or African American",0,"*"
"Columbia School District","=""0300011""","Hispanic/Latino of any race",0,0.0
"Columbia School District","=""0300011""","Two or More Races",0,"*"
"Columbia School District","=""0300011""","White",11,3.1
"Common Ground High School District","=""2680013""","Asian",0,"*"
"Common Ground High School District","=""2680013""","Black or African American",13,16.0
"Common Ground High School District","=""2680013""","Hispanic/Latino of any race",6,8.8
"Common Ground High School District","=""2680013""","Two or More Races","*","*"
"Common Ground High School District","=""2680013""","White","*","*"
"Connecticut Technical Education and Career System","=""9000016""","American Indian or Alaska Native","*","*"
"Connecticut Technical Education and Career System","=""9000016""","Asian",10,6.7
"Connecticut Technical Education and Career System","=""9000016""","Black or African American",133,11.0
"Connecticut Technical Education and Career System","=""9000016""","Hispanic/Latino of any race",454,11.2
"Connecticut Technical Education and Career System","=""9000016""","Native Hawaiian or Other Pacific Islander","*","*"
"Connecticut Technical Education and Career System","=""9000016""","Two or More Races",55,14.2
"Connecticut Technical Education and Career System","=""9000016""","White",372,8.2
"Cooperative Educational Services","=""2430014""","Asian","*","*"
"Cooperative Educational Services","=""2430014""","Black or African American",28,17.1
"Cooperative Educational Services","=""2430014""","Hispanic/Latino of any race",54,21.4
"Cooperative Educational Services","=""2430014""","Native Hawaiian or Other Pacific Islander",0,"*"
"Cooperative Educational Services","=""2430014""","Two or More Races","*","*"
"Cooperative Educational Services","=""2430014""","White",38,18.1
"Cornwall School District","=""0310011""","Asian",0,"*"
"Cornwall School District","=""0310011""","Hispanic/Latino of any race",0,"*"
"Cornwall School District","=""0310011""","Two or More Races",0,"*"
"Cornwall School District","=""0310011""","White","*","*"
"Coventry School District","=""0320011""","American Indian or Alaska Native",0,"*"
"Coventry School District","=""0320011""","Asian","*","*"
"Coventry School District","=""0320011""","Black or African American",0,"*"
"Coventry School District","=""0320011""","Hispanic/Latino of any race",16,17.2
"Coventry School District","=""0320011""","Two or More Races","*","*"
"Coventry School District","=""0320011""","White",93,6.8
"Cromwell School District","=""0330011""","American Indian or Alaska Native","*","*"
"Cromwell School District","=""0330011""","Asian","*","*"
"Cromwell School District","=""0330011""","Black or African American",14,8.8
"Cromwell School District","=""0330011""","Hispanic/Latino of any race",11,5.7
"Cromwell School District","=""0330011""","Native Hawaiian or Other Pacific Islander",0,"*"
"Cromwell School District","=""0330011""","Two or More Races","*","*"
"Cromwell School District","=""0330011""","White",41,3.0
"Danbury School District","=""0340011""","American Indian or Alaska Native","*","*"
"Danbury School District","=""0340011""","Asian",32,4.5
"Danbury School District","=""0340011""","Black or African American",75,9.5
"Danbury School District","=""0340011""","Hispanic/Latino of any race",448,7.6
"Danbury School District","=""0340011""","Native Hawaiian or Other Pacific Islander","*","*"
"Danbury School District","=""0340011""","Two or More Races",30,9.8
"Danbury School District","=""0340011""","White",225,6.2
"Darien School District","=""0350011""","American Indian or Alaska Native",0,"*"
"Darien School District","=""0350011""","Asian","*","*"
"Darien School District","=""0350011""","Black or African American",0,"*"
"Darien School District","=""0350011""","Hispanic/Latino of any race","*","*"
"Darien School District","=""0350011""","Two or More Races",0,0.0
"Darien School District","=""0350011""","White",129,3.2
"Deep River School District","=""0360011""","American Indian or Alaska Native",0,"*"
"Deep River School District","=""0360011""","Asian",0,"*"
"Deep River School District","=""0360011""","Black or African American","*","*"
"Deep River School District","=""0360011""","Hispanic/Latino of any race",0,0.0
"Deep River School District","=""0360011""","Two or More Races",0,"*"
"Deep River School District","=""0360011""","White","*","*"
"Department of Mental Health and Addiction Services","=""3370015""","Black or African American","*","*"
"Department of Mental Health and Addiction Services","=""3370015""","Hispanic/Latino of any race","*","*"
"Department of Mental Health and Addiction Services","=""3370015""","Two or More Races","*","*"
"Department of Mental Health and Addiction Services","=""3370015""","White",0,"*"
"Derby School District","=""0370011""","Asian","*","*"
"Derby School District","=""0370011""","Black or African American",34,13.8
"Derby School District","=""0370011""","Hispanic/Latino of any race",42,9.7
"Derby School District","=""0370011""","Native Hawaiian or Other Pacific Islander",0,"*"
"Derby School District","=""0370011""","Two or More Races","*","*"
"Derby School District","=""0370011""","White",49,10.1
"East Granby School District","=""0400011""","American Indian or Alaska Native",0,"*"
"East Granby School District","=""0400011""","Asian","*","*"
"East Granby School District","=""0400011""","Black or African American",8,12.7
"East Granby School District","=""0400011""","Hispanic/Latino of any race",6,10.2
"East Granby School District","=""0400011""","Native Hawaiian or Other Pacific Islander","*","*"
"East Granby School District","=""0400011""","Two or More Races","*","*"
"East Granby School District","=""0400011""","White",31,4.9
"East Haddam School District","=""0410011""","American Indian or Alaska Native","*","*"
"East Haddam School District","=""0410011""","Asian",0,"*"
"East Haddam School District","=""0410011""","Black or African American",0,"*"
"East Haddam School District","=""0410011""","Hispanic/Latino of any race","*","*"
"East Haddam School District","=""0410011""","Native Hawaiian or Other Pacific Islander",0,"*"
"East Haddam School District","=""0410011""","Two or More Races","*","*"
"East Haddam School District","=""0410011""","White",35,3.9
"East Hampton School District","=""0420011""","American Indian or Alaska Native",0,"*"
"East Hampton School District","=""0420011""","Asian","*","*"
"East Hampton School District","=""0420011""","Black or African American",0,"*"
"East Hampton School District","=""0420011""","Hispanic/Latino of any race","*","*"
"East Hampton School District","=""0420011""","Native Hawaiian or Other Pacific Islander",0,"*"
"East Hampton School District","=""0420011""","Two or More Races",9,18.0
"East Hampton School District","=""0420011""","White",106,6.6
"East Hartford School District","=""0430011""","American Indian or Alaska Native","*","*"
"East Hartford School District","=""0430011""","Asian","*","*"
"East Hartford School District","=""0430011""","Black or African American",222,10.8
"East Hartford School District","=""0430011""","Hispanic/Latino of any race",565,17.7
"East Hartford School District","=""0430011""","Native Hawaiian or Other Pacific Islander",0,"*"
"East Hartford School District","=""0430011""","Two or More Races",44,15.0
"East Hartford School District","=""0430011""","White",91,11.6
"East Haven School District","=""0440011""","American Indian or Alaska Native","*","*"
"East Haven School District","=""0440011""","Asian","*","*"
"East Haven School District","=""0440011""","Black or African American",20,15.0
"East Haven School District","=""0440011""","Hispanic/Latino of any race",106,13.7
"East Haven School District","=""0440011""","Native Hawaiian or Other Pacific Islander",0,"*"
"East Haven School District","=""0440011""","Two or More Races",13,22.0
"East Haven School District","=""0440011""","White",229,14.2
"East Lyme School District","=""0450011""","American Indian or Alaska Native",0,"*"
"East Lyme School District","=""0450011""","Asian","*","*"
"East Lyme School District","=""0450011""","Black or African American","*","*"
"East Lyme School District","=""0450011""","Hispanic/Latino of any race",12,5.7
"East Lyme School District","=""0450011""","Native Hawaiian or Other Pacific Islander",0,"*"
"East Lyme School District","=""0450011""","Two or More Races",8,5.6
"East Lyme School District","=""0450011""","White",95,4.8
"East Windsor School District","=""0470011""","American Indian or Alaska Native",0,"*"
"East Windsor School District","=""0470011""","Asian","*","*"
"East Windsor School District","=""0470011""","Black or African American",30,22.2
"East Windsor School District","=""0470011""","Hispanic/Latino of any race",47,20.5
"East Windsor School District","=""0470011""","Two or More Races","*","*"
"East Windsor School District","=""0470011""","White",62,10.7
"Eastern Connecticut Regional Educational Service Center (EASTCONN)","=""2530014""","American Indian or Alaska Native","*","*"
"Eastern Connecticut Regional Educational Service Center (EASTCONN)","=""2530014""","Asian","*","*"
"Eastern Connecticut Regional Educational Service Center (EASTCONN)","=""2530014""","Black or African American",8,40.0
"Eastern Connecticut Regional Educational Service Center (EASTCONN)","=""2530014""","Hispanic/Latino of any race",28,31.5
"Eastern Connecticut Regional Educational Service Center (EASTCONN)","=""2530014""","Two or More Races",8,"*"
"Eastern Connecticut Regional Educational Service Center (EASTCONN)","=""2530014""","White",82,29.9
"Eastford School District","=""0390011""","Hispanic/Latino of any race",0,"*"
"Eastford School District","=""0390011""","Two or More Races","*","*"
"Eastford School District","=""0390011""","White","*","*"
"Easton School District","=""0460011""","American Indian or Alaska Native",0,"*"
"Easton School District","=""0460011""","Asian","*","*"
"Easton School District","=""0460011""","Black or African American",0,"*"
"Easton School District","=""0460011""","Hispanic/Latino of any race","*","*"
"Easton School District","=""0460011""","Native Hawaiian or Other Pacific Islander","*","*"
"Easton School District","=""0460011""","Two or More Races",0,0.0
"Easton School District","=""0460011""","White",29,4.0
"EdAdvance","=""2420014""","American Indian or Alaska Native","*","*"
"EdAdvance","=""2420014""","Asian",0,"*"
"EdAdvance","=""2420014""","Black or African American","*","*"
"EdAdvance","=""2420014""","Hispanic/Latino of any race",10,50.0
"EdAdvance","=""2420014""","Two or More Races",0,"*"
"EdAdvance","=""2420014""","White",24,61.5
"Ellington School District","=""0480011""","American Indian or Alaska Native",0,"*"
"Ellington School District","=""0480011""","Asian",20,7.0
"Ellington School District","=""0480011""","Black or African American",19,18.1
"Ellington School District","=""0480011""","Hispanic/Latino of any race",25,19.2
"Ellington School District","=""0480011""","Native Hawaiian or Other Pacific Islander",0,"*"
"Ellington School District","=""0480011""","Two or More Races",9,12.5
"Ellington School District","=""0480011""","White",126,6.2
"Elm City College Preparatory School District","=""2890013""","American Indian or Alaska Native",0,"*"
"Elm City College Preparatory School District","=""2890013""","Asian",0,"*"
"Elm City College Preparatory School District","=""2890013""","Black or African American",54,10.7
"Elm City College Preparatory School District","=""2890013""","Hispanic/Latino of any race","*","*"
"Elm City College Preparatory School District","=""2890013""","Two or More Races","*","*"
"Elm City College Preparatory School District","=""2890013""","White",0,"*"
"Elm City Montessori School District","=""2910013""","Asian","*","*"
"Elm City Montessori School District","=""2910013""","Black or African American","*","*"
"Elm City Montessori School District","=""2910013""","Hispanic/Latino of any race","*","*"
"Elm City Montessori School District","=""2910013""","Two or More Races",0,"*"
"Elm City Montessori School District","=""2910013""","White","*","*"
"Enfield School District","=""0490011""","American Indian or Alaska Native","*","*"
"Enfield School District","=""0490011""","Asian","*","*"
"Enfield School District","=""0490011""","Black or African American",59,17.8
"Enfield School District","=""0490011""","Hispanic/Latino of any race",123,16.1
"Enfield School District","=""0490011""","Native Hawaiian or Other Pacific Islander",0,"*"
"Enfield School District","=""0490011""","Two or More Races",20,10.2
"Enfield School District","=""0490011""","White",263,7.8
"Essex School District","=""0500011""","Asian",0,"*"
"Essex School District","=""0500011""","Black or African American",0,"*"
"Essex School District","=""0500011""","Hispanic/Latino of any race","*","*"
"Essex School District","=""0500011""","Two or More Races","*","*"
"Essex School District","=""0500011""","White",11,4.3
"Explorations District","=""2720013""","Black or African American","*","*"
"Explorations District","=""2720013""","Hispanic/Latino of any race","*","*"
"Explorations District","=""2720013""","Two or More Races",0,"*"
"Explorations District","=""2720013""","White",22,29.7
"Fairfield School District","=""0510011""","American Indian or Alaska Native",0,"*"
"Fairfield School District","=""0510011""","Asian",21,3.5
"Fairfield School District","=""0510011""","Black or African American","*","*"
"Fairfield School District","=""0510011""","Hispanic/Latino of any race",85,7.6
"Fairfield School District","=""0510011""","Native Hawaiian or Other Pacific Islander","*","*"
"Fairfield School District","=""0510011""","Two or More Races",27,6.2
"Fairfield School District","=""0510011""","White",391,5.4
"Farmington School District","=""0520011""","American Indian or Alaska Native",0,"*"
"Farmington School District","=""0520011""","Asian",41,4.6
"Farmington School District","=""0520011""","Black or African American",23,11.4
"Farmington School District","=""0520011""","Hispanic/Latino of any race",31,9.3
"Farmington School District","=""0520011""","Two or More Races",12,"*"
"Farmington School District","=""0520011""","White",111,4.6
"Franklin School District","=""0530011""","Asian",0,"*"
"Franklin School District","=""0530011""","Black or African American",0,"*"
"Franklin School District","=""0530011""","Hispanic/Latino of any race",0,"*"
"Franklin School District","=""0530011""","Two or More Races",0,"*"
"Franklin School District","=""0530011""","White","*","*"
"Glastonbury School District","=""0540011""","American Indian or Alaska Native",0,"*"
"Glastonbury School District","=""0540011""","Asian",20,3.0
"Glastonbury School District","=""0540011""","Black or African American",14,7.3
"Glastonbury School District","=""0540011""","Hispanic/Latino of any race",48,7.9
"Glastonbury School District","=""0540011""","Native Hawaiian or Other Pacific Islander",0,"*"
"Glastonbury School District","=""0540011""","Two or More Races",7,2.3
"Glastonbury School District","=""0540011""","White",129,3.1
"Granby School District","=""0560011""","American Indian or Alaska Native",0,"*"
"Granby School District","=""0560011""","Asian","*","*"
"Granby School District","=""0560011""","Black or African American",14,14.9
"Granby School District","=""0560011""","Hispanic/Latino of any race","*","*"
"Granby School District","=""0560011""","Native Hawaiian or Other Pacific Islander",0,"*"
"Granby School District","=""0560011""","Two or More Races",7,11.3
"Granby School District","=""0560011""","White",67,4.3
"Great Oaks Charter School District","=""2940013""","American Indian or Alaska Native",0,"*"
"Great Oaks Charter School District","=""2940013""","Black or African American",45,22.6
"Great Oaks Charter School District","=""2940013""","Hispanic/Latino of any race",41,21.5
"Great Oaks Charter School District","=""2940013""","Native Hawaiian or Other Pacific Islander","*","*"
"Great Oaks Charter School District","=""2940013""","Two or More Races","*","*"
"Great Oaks Charter School District","=""2940013""","White",9,39.1
"Greenwich School District","=""0570011""","American Indian or Alaska Native",0,"*"
"Greenwich School District","=""0570011""","Asian",18,2.4
"Greenwich School District","=""0570011""","Black or African American",16,7.0
"Greenwich School District","=""0570011""","Hispanic/Latino of any race",99,5.1
"Greenwich School District","=""0570011""","Native Hawaiian or Other Pacific Islander",0,"*"
"Greenwich School District","=""0570011""","Two or More Races",11,2.6
"Greenwich School District","=""0570011""","White",203,3.7
"Griswold School District","=""0580011""","American Indian or Alaska Native","*","*"
"Griswold School District","=""0580011""","Asian","*","*"
"Griswold School District","=""0580011""","Black or African American",6,14.0
"Griswold School District","=""0580011""","Hispanic/Latino of any race",20,14.2
"Griswold School District","=""0580011""","Native Hawaiian or Other Pacific Islander","*","*"
"Griswold School District","=""0580011""","Two or More Races",19,17.1
"Griswold School District","=""0580011""","White",128,9.6
"Groton School District","=""0590011""","American Indian or Alaska Native","*","*"
"Groton School District","=""0590011""","Asian",22,9.1
"Groton School District","=""0590011""","Black or African American",38,12.7
"Groton School District","=""0590011""","Hispanic/Latino of any race",153,17.5
"Groton School District","=""0590011""","Native Hawaiian or Other Pacific Islander","*","*"
"Groton School District","=""0590011""","Two or More Races",46,11.5
"Groton School District","=""0590011""","White",217,10.1
"Guilford School District","=""0600011""","American Indian or Alaska Native",0,"*"
"Guilford School District","=""0600011""","Asian","*","*"
"Guilford School District","=""0600011""","Black or African American","*","*"
"Guilford School District","=""0600011""","Hispanic/Latino of any race",19,8.1
"Guilford School District","=""0600011""","Native Hawaiian or Other Pacific Islander",0,"*"
"Guilford School District","=""0600011""","Two or More Races",8,6.0
"Guilford School District","=""0600011""","White",151,5.5
"Hamden School District","=""0620011""","American Indian or Alaska Native","*","*"
"Hamden School District","=""0620011""","Asian",44,11.7
"Hamden School District","=""0620011""","Black or African American",257,15.9
"Hamden School District","=""0620011""","Hispanic/Latino of any race",226,20.1
"Hamden School District","=""0620011""","Native Hawaiian or Other Pacific Islander","*","*"
"Hamden School District","=""0620011""","Two or More Races",26,9.4
"Hamden School District","=""0620011""","White",225,12.0
"Hampton School District","=""0630011""","Hispanic/Latino of any race",0,"*"
"Hampton School District","=""0630011""","Two or More Races",0,"*"
"Hampton School District","=""0630011""","White","*","*"
"Hartford School District","=""0640011""","American Indian or Alaska Native",6,12.2
"Hartford School District","=""0640011""","Asian",80,13.5
"Hartford School District","=""0640011""","Black or African American",1214,22.1
"Hartford School District","=""0640011""","Hispanic/Latino of any race",3063,30.9
"Hartford School District","=""0640011""","Native Hawaiian or Other Pacific Islander",6,17.1
"Hartford School District","=""0640011""","Two or More Races",63,17.4
"Hartford School District","=""0640011""","White",165,9.9
"Hartland School District","=""0650011""","American Indian or Alaska Native",0,"*"
"Hartland School District","=""0650011""","Black or African American",0,"*"
"Hartland School District","=""0650011""","Hispanic/Latino of any race",0,"*"
"Hartland School District","=""0650011""","Native Hawaiian or Other Pacific Islander",0,"*"
"Hartland School District","=""0650011""","Two or More Races",0,"*"
"Hartland School District","=""0650011""","White","*","*"
"Hebron School District","=""0670011""","Asian",0,"*"
"Hebron School District","=""0670011""","Black or African American",0,"*"
"Hebron School District","=""0670011""","Hispanic/Latino of any race","*","*"
"Hebron School District","=""0670011""","Two or More Races",0,"*"
"Hebron School District","=""0670011""","White","*","*"
"Highville Charter School District","=""2860013""","Black or African American","*","*"
"Highville Charter School District","=""2860013""","Hispanic/Latino of any race",0,"*"
"Highville Charter School District","=""2860013""","Two or More Races",0,"*"
"Highville Charter School District","=""2860013""","White","*","*"
"Integrated Day Charter School District","=""2640013""","Asian","*","*"
"Integrated Day Charter School District","=""2640013""","Black or African American","*","*"
"Integrated Day Charter School District","=""2640013""","Hispanic/Latino of any race","*","*"
"Integrated Day Charter School District","=""2640013""","Two or More Races","*","*"
"Integrated Day Charter School District","=""2640013""","White","*","*"
"Interdistrict School for Arts and Comm District","=""2650013""","American Indian or Alaska Native",0,"*"
"Interdistrict School for Arts and Comm District","=""2650013""","Asian","*","*"
"Interdistrict School for Arts and Comm District","=""2650013""","Black or African American","*","*"
"Interdistrict School for Arts and Comm District","=""2650013""","Hispanic/Latino of any race",15,9.9
"Interdistrict School for Arts and Comm District","=""2650013""","Native Hawaiian or Other Pacific Islander",0,"*"
"Interdistrict School for Arts and Comm District","=""2650013""","Two or More Races",0,"*"
"Interdistrict School for Arts and Comm District","=""2650013""","White",7,14.6
"Jumoke Academy District","=""2610013""","Asian",0,"*"
"Jumoke Academy District","=""2610013""","Black or African American",109,17.7
"Jumoke Academy District","=""2610013""","Hispanic/Latino of any race","*","*"
"Jumoke Academy District","=""2610013""","Two or More Races","*","*"
"Kent School District","=""0680011""","Asian",0,"*"
"Kent School District","=""0680011""","Hispanic/Latino of any race",0,"*"
"Kent School District","=""0680011""","Two or More Races","*","*"
"Kent School District","=""0680011""","White","*","*"
"Killingly School District","=""0690011""","American Indian or Alaska Native","*","*"
"Killingly School District","=""0690011""","Asian",6,11.5
"Killingly School District","=""0690011""","Black or African American","*","*"
"Killingly School District","=""0690011""","Hispanic/Latino of any race",40,19.4
"Killingly School District","=""0690011""","Native Hawaiian or Other Pacific Islander",0,"*"
"Killingly School District","=""0690011""","Two or More Races",26,19.4
"Killingly School District","=""0690011""","White",226,12.0
"Learn","=""2450014""","American Indian or Alaska Native","*","*"
"Learn","=""2450014""","Asian","*","*"
"Learn","=""2450014""","Black or African American",45,14.7
"Learn","=""2450014""","Hispanic/Latino of any race",176,22.6
"Learn","=""2450014""","Native Hawaiian or Other Pacific Islander","*","*"
"Learn","=""2450014""","Two or More Races",25,15.0
"Learn","=""2450014""","White",52,8.2
"Lebanon School District","=""0710011""","American Indian or Alaska Native","*","*"
"Lebanon School District","=""0710011""","Asian",0,"*"
"Lebanon School District","=""0710011""","Black or African American",0,"*"
"Lebanon School District","=""0710011""","Hispanic/Latino of any race","*","*"
"Lebanon School District","=""0710011""","Native Hawaiian or Other Pacific Islander","*","*"
"Lebanon School District","=""0710011""","Two or More Races","*","*"
"Lebanon School District","=""0710011""","White",60,7.1
"Ledyard School District","=""0720011""","American Indian or Alaska Native","*","*"
"Ledyard School District","=""0720011""","Asian","*","*"
"Ledyard School District","=""0720011""","Black or African American","*","*"
"Ledyard School District","=""0720011""","Hispanic/Latino of any race","*","*"
"Ledyard School District","=""0720011""","Native Hawaiian or Other Pacific Islander",0,"*"
"Ledyard School District","=""0720011""","Two or More Races","*","*"
"Ledyard School District","=""0720011""","White",25,1.5
"Lisbon School District","=""0730011""","Asian",0,"*"
"Lisbon School District","=""0730011""","Black or African American",0,"*"
"Lisbon School District","=""0730011""","Hispanic/Latino of any race","*","*"
"Lisbon School District","=""0730011""","Native Hawaiian or Other Pacific Islander",0,"*"
"Lisbon School District","=""0730011""","Two or More Races","*","*"
"Lisbon School District","=""0730011""","White",12,4.0
"Litchfield School District","=""0740011""","Asian","*","*"
"Litchfield School District","=""0740011""","Black or African American",0,"*"
"Litchfield School District","=""0740011""","Hispanic/Latino of any race","*","*"
"Litchfield School District","=""0740011""","Native Hawaiian or Other Pacific Islander",0,"*"
"Litchfield School District","=""0740011""","Two or More Races","*","*"
"Litchfield School District","=""0740011""","White",39,5.0
"Madison School District","=""0760011""","American Indian or Alaska Native",0,"*"
"Madison School District","=""0760011""","Asian",0,0.0
"Madison School District","=""0760011""","Black or African American","*","*"
"Madison School District","=""0760011""","Hispanic/Latino of any race","*","*"
"Madison School District","=""0760011""","Native Hawaiian or Other Pacific Islander",0,"*"
"Madison School District","=""0760011""","Two or More Races","*","*"
"Madison School District","=""0760011""","White",55,2.4
"Manchester School District","=""0770011""","American Indian or Alaska Native","*","*"
"Manchester School District","=""0770011""","Asian",65,13.6
"Manchester School District","=""0770011""","Black or African American",239,16.4
"Manchester School District","=""0770011""","Hispanic/Latino of any race",446,25.8
"Manchester School District","=""0770011""","Native Hawaiian or Other Pacific Islander","*","*"
"Manchester School District","=""0770011""","Two or More Races",21,11.5
"Manchester School District","=""0770011""","White",281,13.5
"Mansfield School District","=""0780011""","American Indian or Alaska Native",0,"*"
"Mansfield School District","=""0780011""","Asian",0,0.0
"Mansfield School District","=""0780011""","Black or African American","*","*"
"Mansfield School District","=""0780011""","Hispanic/Latino of any race",10,6.7
"Mansfield School District","=""0780011""","Two or More Races","*","*"
"Mansfield School District","=""0780011""","White",25,3.5
"Marlborough School District","=""0790011""","Asian","*","*"
"Marlborough School District","=""0790011""","Black or African American","*","*"
"Marlborough School District","=""0790011""","Hispanic/Latino of any race","*","*"
"Marlborough School District","=""0790011""","Two or More Races","*","*"
"Marlborough School District","=""0790011""","White",37,10.0
"Meriden School District","=""0800011""","American Indian or Alaska Native","*","*"
"Meriden School District","=""0800011""","Asian","*","*"
"Meriden School District","=""0800011""","Black or African American",110,13.4
"Meriden School District","=""0800011""","Hispanic/Latino of any race",771,17.4
"Meriden School District","=""0800011""","Native Hawaiian or Other Pacific Islander",0,"*"
"Meriden School District","=""0800011""","Two or More Races",38,12.1
"Meriden School District","=""0800011""","White",233,10.7
"Middletown School District","=""0830011""","American Indian or Alaska Native","*","*"
"Middletown School District","=""0830011""","Asian",14,6.4
"Middletown School District","=""0830011""","Black or African American",123,13.3
"Middletown School District","=""0830011""","Hispanic/Latino of any race",151,16.4
"Middletown School District","=""0830011""","Native Hawaiian or Other Pacific Islander","*","*"
"Middletown School District","=""0830011""","Two or More Races",45,12.1
"Middletown School District","=""0830011""","White",144,7.0
"Milford School District","=""0840011""","American Indian or Alaska Native",0,"*"
"Milford School District","=""0840011""","Asian",43,8.5
"Milford School District","=""0840011""","Black or African American",28,10.7
"Milford School District","=""0840011""","Hispanic/Latino of any race",71,12.4
"Milford School District","=""0840011""","Native Hawaiian or Other Pacific Islander","*","*"
"Milford School District","=""0840011""","Two or More Races","*","*"
"Milford School District","=""0840011""","White",307,7.8
"Monroe School District","=""0850011""","American Indian or Alaska Native",0,"*"
"Monroe School District","=""0850011""","Asian","*","*"
"Monroe School District","=""0850011""","Black or African American","*","*"
"Monroe School District","=""0850011""","Hispanic/Latino of any race",15,5.2
"Monroe School District","=""0850011""","Native Hawaiian or Other Pacific Islander",0,"*"
"Monroe School District","=""0850011""","Two or More Races","*","*"
"Monroe School District","=""0850011""","White",79,3.2
"Montville School District","=""0860011""","American Indian or Alaska Native","*","*"
"Montville School District","=""0860011""","Asian",7,4.1
"Montville School District","=""0860011""","Black or African American","*","*"
"Montville School District","=""0860011""","Hispanic/Latino of any race",19,7.6
"Montville School District","=""0860011""","Native Hawaiian or Other Pacific Islander",0,"*"
"Montville School District","=""0860011""","Two or More Races",18,7.6
"Montville School District","=""0860011""","White",125,9.6
"Naugatuck School District","=""0880011""","American Indian or Alaska Native","*","*"
"Naugatuck School District","=""0880011""","Asian","*","*"
"Naugatuck School District","=""0880011""","Black or African American",58,16.5
"Naugatuck School District","=""0880011""","Hispanic/Latino of any race",214,18.2
"Naugatuck School District","=""0880011""","Native Hawaiian or Other Pacific Islander",0,"*"
"Naugatuck School District","=""0880011""","Two or More Races",38,17.4
"Naugatuck School District","=""0880011""","White",291,12.6
"New Beginnings Inc Family Academy District","=""2800013""","Asian",0,"*"
"New Beginnings Inc Family Academy District","=""2800013""","Black or African American","*","*"
"New Beginnings Inc Family Academy District","=""2800013""","Hispanic/Latino of any race",27,19.3
"New Beginnings Inc Family Academy District","=""2800013""","Native Hawaiian or Other Pacific Islander",0,"*"
"New Beginnings Inc Family Academy District","=""2800013""","Two or More Races",0,"*"
"New Beginnings Inc Family Academy District","=""2800013""","White","*","*"
"New Britain School District","=""0890011""","American Indian or Alaska Native","*","*"
"New Britain School District","=""0890011""","Asian","*","*"
"New Britain School District","=""0890011""","Black or African American",213,19.6
"New Britain School District","=""0890011""","Hispanic/Latino of any race",1758,27.6
"New Britain School District","=""0890011""","Native Hawaiian or Other Pacific Islander",0,"*"
"New Britain School District","=""0890011""","Two or More Races",60,20.5
"New Britain School District","=""0890011""","White",284,16.9
"New Canaan School District","=""0900011""","American Indian or Alaska Native",0,"*"
"New Canaan School District","=""0900011""","Asian",6,2.1
"New Canaan School District","=""0900011""","Black or African American",0,0.0
"New Canaan School District","=""0900011""","Hispanic/Latino of any race",13,6.6
"New Canaan School District","=""0900011""","Native Hawaiian or Other Pacific Islander","*","*"
"New Canaan School District","=""0900011""","Two or More Races","*","*"
"New Canaan School District","=""0900011""","White",128,3.7
"New Fairfield School District","=""0910011""","American Indian or Alaska Native",0,"*"
"New Fairfield School District","=""0910011""","Asian","*","*"
"New Fairfield School District","=""0910011""","Black or African American","*","*"
"New Fairfield School District","=""0910011""","Hispanic/Latino of any race",15,5.9
"New Fairfield School District","=""0910011""","Native Hawaiian or Other Pacific Islander",0,"*"
"New Fairfield School District","=""0910011""","Two or More Races",0,0.0
"New Fairfield School District","=""0910011""","White",66,3.7
"New Hartford School District","=""0920011""","Asian",0,"*"
"New Hartford School District","=""0920011""","Black or African American",0,"*"
"New Hartford School District","=""0920011""","Hispanic/Latino of any race","*","*"
"New Hartford School District","=""0920011""","Two or More Races","*","*"
"New Hartford School District","=""0920011""","White",25,6.3
"New Haven School District","=""0930011""","American Indian or Alaska Native","*","*"
"New Haven School District","=""0930011""","Asian",47,10.2
"New Haven School District","=""0930011""","Black or African American",1580,22.0
"New Haven School District","=""0930011""","Hispanic/Latino of any race",1751,19.5
"New Haven School District","=""0930011""","Native Hawaiian or Other Pacific Islander","*","*"
"New Haven School District","=""0930011""","Two or More Races",35,15.5
"New Haven School District","=""0930011""","White",331,13.4
"New London School District","=""0950011""","American Indian or Alaska Native","*","*"
"New London School District","=""0950011""","Asian",9,20.0
"New London School District","=""0950011""","Black or African American",74,11.5
"New London School District","=""0950011""","Hispanic/Latino of any race",326,18.2
"New London School District","=""0950011""","Native Hawaiian or Other Pacific Islander","*","*"
"New London School District","=""0950011""","Two or More Races",49,13.2
"New London School District","=""0950011""","White",64,10.5
"New Milford School District","=""0960011""","American Indian or Alaska Native","*","*"
"New Milford School District","=""0960011""","Asian",6,4.3
"New Milford School District","=""0960011""","Black or African American","*","*"
"New Milford School District","=""0960011""","Hispanic/Latino of any race",46,8.1
"New Milford School District","=""0960011""","Two or More Races","*","*"
"New Milford School District","=""0960011""","White",202,7.0
"Newington School District","=""0940011""","American Indian or Alaska Native",0,"*"
"Newington School District","=""0940011""","Asian",19,5.2
"Newington School District","=""0940011""","Black or African American",9,3.8
"Newington School District","=""0940011""","Hispanic/Latino of any race",66,8.2
"Newington School District","=""0940011""","Native Hawaiian or Other Pacific Islander",0,"*"
"Newington School District","=""0940011""","Two or More Races",14,6.5
"Newington School District","=""0940011""","White",118,5.0
"Newtown School District","=""0970011""","American Indian or Alaska Native",0,"*"
"Newtown School District","=""0970011""","Asian",6,4.1
"Newtown School District","=""0970011""","Black or African American","*","*"
"Newtown School District","=""0970011""","Hispanic/Latino of any race",20,6.5
"Newtown School District","=""0970011""","Two or More Races","*","*"
"Newtown School District","=""0970011""","White",155,4.3
"Norfolk School District","=""0980011""","Hispanic/Latino of any race","*","*"
"Norfolk School District","=""0980011""","Two or More Races",0,"*"
"Norfolk School District","=""0980011""","White","*","*"
"North Branford School District","=""0990011""","American Indian or Alaska Native","*","*"
"North Branford School District","=""0990011""","Asian","*","*"
"North Branford School District","=""0990011""","Black or African American",10,"*"
"North Branford School District","=""0990011""","Hispanic/Latino of any race",11,9.2
"North Branford School District","=""0990011""","White",60,4.0
"North Canaan School District","=""1000011""","Asian",0,"*"
"North Canaan School District","=""1000011""","Black or African American","*","*"
"North Canaan School District","=""1000011""","Hispanic/Latino of any race","*","*"
"North Canaan School District","=""1000011""","Two or More Races",0,"*"
"North Canaan School District","=""1000011""","White",10,5.0
"North Haven School District","=""1010011""","American Indian or Alaska Native",0,"*"
"North Haven School District","=""1010011""","Asian",18,8.3
"North Haven School District","=""1010011""","Black or African American",17,13.6
"North Haven School District","=""1010011""","Hispanic/Latino of any race",21,7.4
"North Haven School District","=""1010011""","Native Hawaiian or Other Pacific Islander",0,"*"
"North Haven School District","=""1010011""","Two or More Races",7,6.4
"North Haven School District","=""1010011""","White",165,6.9
"North Stonington School District","=""1020011""","American Indian or Alaska Native","*","*"
"North Stonington School District","=""1020011""","Asian",0,"*"
"North Stonington School District","=""1020011""","Black or African American",0,"*"
"North Stonington School District","=""1020011""","Hispanic/Latino of any race","*","*"
"North Stonington School District","=""1020011""","Native Hawaiian or Other Pacific Islander",0,"*"
"North Stonington School District","=""1020011""","Two or More Races","*","*"
"North Stonington School District","=""1020011""","White",43,6.9
"Norwalk School District","=""1030011""","American Indian or Alaska Native","*","*"
"Norwalk School District","=""1030011""","Asian",57,11.1
"Norwalk School District","=""1030011""","Black or African American",269,15.1
"Norwalk School District","=""1030011""","Hispanic/Latino of any race",603,10.6
"Norwalk School District","=""1030011""","Native Hawaiian or Other Pacific Islander",0,"*"
"Norwalk School District","=""1030011""","Two or More Races","*","*"
"Norwalk School District","=""1030011""","White",206,6.8
"Norwich Free Academy District","=""9010022""","American Indian or Alaska Native","*","*"
"Norwich Free Academy District","=""9010022""","Asian",17,9.2
"Norwich Free Academy District","=""9010022""","Black or African American",51,14.8
"Norwich Free Academy District","=""9010022""","Hispanic/Latino of any race",118,31.7
"Norwich Free Academy District","=""9010022""","Native Hawaiian or Other Pacific Islander","*","*"
"Norwich Free Academy District","=""9010022""","Two or More Races",38,25.7
"Norwich Free Academy District","=""9010022""","White",170,15.1
"Norwich School District","=""1040011""","American Indian or Alaska Native","*","*"
"Norwich School District","=""1040011""","Asian",11,4.8
"Norwich School District","=""1040011""","Black or African American",50,8.0
"Norwich School District","=""1040011""","Hispanic/Latino of any race",168,14.3
"Norwich School District","=""1040011""","Native Hawaiian or Other Pacific Islander","*","*"
"Norwich School District","=""1040011""","Two or More Races",52,15.2
"Norwich School District","=""1040011""","White",126,12.4
"Odyssey Community School District","=""2630013""","Asian",8,15.1
"Odyssey Community School District","=""2630013""","Black or African American","*","*"
"Odyssey Community School District","=""2630013""","Hispanic/Latino of any race","*","*"
"Odyssey Community School District","=""2630013""","Two or More Races","*","*"
"Odyssey Community School District","=""2630013""","White","*","*"
"Old Saybrook School District","=""1060011""","Asian","*","*"
"Old Saybrook School District","=""1060011""","Black or African American","*","*"
"Old Saybrook School District","=""1060011""","Hispanic/Latino of any race",16,13.7
"Old Saybrook School District","=""1060011""","Native Hawaiian or Other Pacific Islander",0,"*"
"Old Saybrook School District","=""1060011""","Two or More Races","*","*"
"Old Saybrook School District","=""1060011""","White",70,7.3
"Orange School District","=""1070011""","American Indian or Alaska Native",0,"*"
"Orange School District","=""1070011""","Asian",6,3.8
"Orange School District","=""1070011""","Black or African American",0,0.0
"Orange School District","=""1070011""","Hispanic/Latino of any race",6,7.9
"Orange School District","=""1070011""","Native Hawaiian or Other Pacific Islander",0,"*"
"Orange School District","=""1070011""","Two or More Races",0,0.0
"Orange School District","=""1070011""","White",29,3.4
"Oxford School District","=""1080011""","American Indian or Alaska Native",0,"*"
"Oxford School District","=""1080011""","Asian",0,0.0
"Oxford School District","=""1080011""","Black or African American","*","*"
"Oxford School District","=""1080011""","Hispanic/Latino of any race",6,4.3
"Oxford School District","=""1080011""","Native Hawaiian or Other Pacific Islander",0,"*"
"Oxford School District","=""1080011""","Two or More Races","*","*"
"Oxford School District","=""1080011""","White",69,4.5
"Park City Prep Charter School District","=""2830013""","American Indian or Alaska Native","*","*"
"Park City Prep Charter School District","=""2830013""","Asian",0,"*"
"Park City Prep Charter School District","=""2830013""","Black or African American",6,3.9
"Park City Prep Charter School District","=""2830013""","Hispanic/Latino of any race","*","*"
"Park City Prep Charter School District","=""2830013""","Native Hawaiian or Other Pacific Islander",0,"*"
"Park City Prep Charter School District","=""2830013""","Two or More Races",0,"*"
"Park City Prep Charter School District","=""2830013""","White","*","*"
"Plainfield School District","=""1090011""","American Indian or Alaska Native","*","*"
"Plainfield School District","=""1090011""","Asian",6,17.6
"Plainfield School District","=""1090011""","Black or African American",6,7.1
"Plainfield School District","=""1090011""","Hispanic/Latino of any race",20,18.3
"Plainfield School District","=""1090011""","Native Hawaiian or Other Pacific Islander",0,"*"
"Plainfield School District","=""1090011""","Two or More Races","*","*"
"Plainfield School District","=""1090011""","White",229,12.8
"Plainville School District","=""1100011""","American Indian or Alaska Native",0,"*"
"Plainville School District","=""1100011""","Asian","*","*"
"Plainville School District","=""1100011""","Black or African American",18,16.4
"Plainville School District","=""1100011""","Hispanic/Latino of any race",57,13.3
"Plainville School District","=""1100011""","Native Hawaiian or Other Pacific Islander",0,"*"
"Plainville School District","=""1100011""","Two or More Races","*","*"
"Plainville School District","=""1100011""","White",124,7.9
"Plymouth School District","=""1110011""","American Indian or Alaska Native",0,"*"
"Plymouth School District","=""1110011""","Asian","*","*"
"Plymouth School District","=""1110011""","Black or African American","*","*"
"Plymouth School District","=""1110011""","Hispanic/Latino of any race",27,18.0
"Plymouth School District","=""1110011""","Two or More Races","*","*"
"Plymouth School District","=""1110011""","White",79,7.1
"Pomfret School District","=""1120011""","Asian","*","*"
"Pomfret School District","=""1120011""","Black or African American",0,"*"
"Pomfret School District","=""1120011""","Hispanic/Latino of any race","*","*"
"Pomfret School District","=""1120011""","Native Hawaiian or Other Pacific Islander",0,"*"
"Pomfret School District","=""1120011""","Two or More Races","*","*"
"Pomfret School District","=""1120011""","White","*","*"
"Portland School District","=""1130011""","American Indian or Alaska Native",0,"*"
"Portland School District","=""1130011""","Asian",0,"*"
"Portland School District","=""1130011""","Black or African American","*","*"
"Portland School District","=""1130011""","Hispanic/Latino of any race",12,6.9
"Portland School District","=""1130011""","Two or More Races","*","*"
"Portland School District","=""1130011""","White",67,6.8
"Preston School District","=""1140011""","American Indian or Alaska Native",0,"*"
"Preston School District","=""1140011""","Asian",0,"*"
"Preston School District","=""1140011""","Black or African American",0,"*"
"Preston School District","=""1140011""","Hispanic/Latino of any race",7,23.3
"Preston School District","=""1140011""","Native Hawaiian or Other Pacific Islander",0,"*"
"Preston School District","=""1140011""","Two or More Races",0,"*"
"Preston School District","=""1140011""","White",17,5.0
"Putnam School District","=""1160011""","Asian","*","*"
"Putnam School District","=""1160011""","Black or African American","*","*"
"Putnam School District","=""1160011""","Hispanic/Latino of any race",23,16.8
"Putnam School District","=""1160011""","Native Hawaiian or Other Pacific Islander","*","*"
"Putnam School District","=""1160011""","Two or More Races",6,11.3
"Putnam School District","=""1160011""","White",89,10.1
"Redding School District","=""1170011""","American Indian or Alaska Native",0,"*"
"Redding School District","=""1170011""","Asian","*","*"
"Redding School District","=""1170011""","Black or African American",0,"*"
"Redding School District","=""1170011""","Hispanic/Latino of any race",7,10.3
"Redding School District","=""1170011""","Native Hawaiian or Other Pacific Islander",0,"*"
"Redding School District","=""1170011""","Two or More Races","*","*"
"Redding School District","=""1170011""","White",18,2.7
"Regional School District 01","=""2010012""","Asian",0,"*"
"Regional School District 01","=""2010012""","Black or African American",0,"*"
"Regional School District 01","=""2010012""","Hispanic/Latino of any race","*","*"
"Regional School District 01","=""2010012""","Two or More Races","*","*"
"Regional School District 01","=""2010012""","White",48,15.5
"Regional School District 04","=""2040012""","American Indian or Alaska Native",0,"*"
"Regional School District 04","=""2040012""","Asian","*","*"
"Regional School District 04","=""2040012""","Black or African American",0,"*"
"Regional School District 04","=""2040012""","Hispanic/Latino of any race","*","*"
"Regional School District 04","=""2040012""","Two or More Races","*","*"
"Regional School District 04","=""2040012""","White",57,7.1
"Regional School District 05","=""2050012""","American Indian or Alaska Native",0,"*"
"Regional School District 05","=""2050012""","Asian",10,3.1
"Regional School District 05","=""2050012""","Black or African American",7,10.8
"Regional School District 05","=""2050012""","Hispanic/Latino of any race","*","*"
"Regional School District 05","=""2050012""","Native Hawaiian or Other Pacific Islander",0,"*"
"Regional School District 05","=""2050012""","Two or More Races","*","*"
"Regional School District 05","=""2050012""","White",101,6.1
"Regional School District 06","=""2060012""","American Indian or Alaska Native",0,"*"
"Regional School District 06","=""2060012""","Asian",0,"*"
"Regional School District 06","=""2060012""","Black or African American","*","*"
"Regional School District 06","=""2060012""","Hispanic/Latino of any race","*","*"
"Regional School District 06","=""2060012""","Native Hawaiian or Other Pacific Islander",0,"*"
"Regional School District 06","=""2060012""","Two or More Races","*","*"
"Regional School District 06","=""2060012""","White",53,6.9
"Regional School District 07","=""2070012""","Asian","*","*"
"Regional School District 07","=""2070012""","Black or African American",0,"*"
"Regional School District 07","=""2070012""","Hispanic/Latino of any race","*","*"
"Regional School District 07","=""2070012""","Native Hawaiian or Other Pacific Islander",0,"*"
"Regional School District 07","=""2070012""","Two or More Races","*","*"
"Regional School District 07","=""2070012""","White",75,7.6
"Regional School District 08","=""2080012""","American Indian or Alaska Native",0,"*"
"Regional School District 08","=""2080012""","Asian","*","*"
"Regional School District 08","=""2080012""","Black or African American",0,"*"
"Regional School District 08","=""2080012""","Hispanic/Latino of any race",11,22.0
"Regional School District 08","=""2080012""","Native Hawaiian or Other Pacific Islander",0,"*"
"Regional School District 08","=""2080012""","Two or More Races","*","*"
"Regional School District 08","=""2080012""","White",90,6.7
"Regional School District 09","=""2090012""","Asian","*","*"
"Regional School District 09","=""2090012""","Black or African American","*","*"
"Regional School District 09","=""2090012""","Hispanic/Latino of any race",8,14.3
"Regional School District 09","=""2090012""","Native Hawaiian or Other Pacific Islander",0,"*"
"Regional School District 09","=""2090012""","Two or More Races","*","*"
"Regional School District 09","=""2090012""","White",66,8.9
"Regional School District 10","=""2100012""","American Indian or Alaska Native","*","*"
"Regional School District 10","=""2100012""","Asian","*","*"
"Regional School District 10","=""2100012""","Black or African American","*","*"
"Regional School District 10","=""2100012""","Hispanic/Latino of any race",6,8.8
"Regional School District 10","=""2100012""","Native Hawaiian or Other Pacific Islander",0,"*"
"Regional School District 10","=""2100012""","Two or More Races","*","*"
"Regional School District 10","=""2100012""","White",79,3.8
"Regional School District 11","=""2110012""","Asian","*","*"
"Regional School District 11","=""2110012""","Black or African American",0,"*"
"Regional School District 11","=""2110012""","Hispanic/Latino of any race","*","*"
"Regional School District 11","=""2110012""","Native Hawaiian or Other Pacific Islander",0,"*"
"Regional School District 11","=""2110012""","Two or More Races",0,"*"
"Regional School District 11","=""2110012""","White",12,6.3
"Regional School District 12","=""2120012""","Asian","*","*"
"Regional School District 12","=""2120012""","Black or African American","*","*"
"Regional School District 12","=""2120012""","Hispanic/Latino of any race",0,0.0
"Regional School District 12","=""2120012""","Two or More Races","*","*"
"Regional School District 12","=""2120012""","White",47,8.2
"Regional School District 13","=""2130012""","American Indian or Alaska Native",0,"*"
"Regional School District 13","=""2130012""","Asian",0,0.0
"Regional School District 13","=""2130012""","Black or African American","*","*"
"Regional School District 13","=""2130012""","Hispanic/Latino of any race",13,13.0
"Regional School District 13","=""2130012""","Two or More Races","*","*"
"Regional School District 13","=""2130012""","White",87,6.3
"Regional School District 14","=""2140012""","American Indian or Alaska Native",0,"*"
"Regional School District 14","=""2140012""","Asian","*","*"
"Regional School District 14","=""2140012""","Black or African American","*","*"
"Regional School District 14","=""2140012""","Hispanic/Latino of any race",7,8.8
"Regional School District 14","=""2140012""","Two or More Races","*","*"
"Regional School District 14","=""2140012""","White",115,7.8
"Regional School District 15","=""2150012""","American Indian or Alaska Native",0,"*"
"Regional School District 15","=""2150012""","Asian",7,4.0
"Regional School District 15","=""2150012""","Black or African American","*","*"
"Regional School District 15","=""2150012""","Hispanic/Latino of any race",14,6.9
"Regional School District 15","=""2150012""","Native Hawaiian or Other Pacific Islander",0,"*"
"Regional School District 15","=""2150012""","Two or More Races","*","*"
"Regional School District 15","=""2150012""","White",122,4.0
"Regional School District 16","=""2160012""","American Indian or Alaska Native","*","*"
"Regional School District 16","=""2160012""","Asian","*","*"
"Regional School District 16","=""2160012""","Black or African American","*","*"
"Regional School District 16","=""2160012""","Hispanic/Latino of any race",9,6.6
"Regional School District 16","=""2160012""","Two or More Races","*","*"
"Regional School District 16","=""2160012""","White",63,3.4
"Regional School District 17","=""2170012""","Asian","*","*"
"Regional School District 17","=""2170012""","Black or African American","*","*"
"Regional School District 17","=""2170012""","Hispanic/Latino of any race","*","*"
"Regional School District 17","=""2170012""","Two or More Races","*","*"
"Regional School District 17","=""2170012""","White",72,4.0
"Regional School District 18","=""2180012""","American Indian or Alaska Native",0,"*"
"Regional School District 18","=""2180012""","Asian","*","*"
"Regional School District 18","=""2180012""","Black or African American",0,"*"
"Regional School District 18","=""2180012""","Hispanic/Latino of any race",7,9.9
"Regional School District 18","=""2180012""","Two or More Races","*","*"
"Regional School District 18","=""2180012""","White",58,5.4
"Regional School District 19","=""2190012""","Asian","*","*"
"Regional School District 19","=""2190012""","Black or African American","*","*"
"Regional School District 19","=""2190012""","Hispanic/Latino of any race","*","*"
"Regional School District 19","=""2190012""","Native Hawaiian or Other Pacific Islander",0,"*"
"Regional School District 19","=""2190012""","Two or More Races","*","*"
"Regional School District 19","=""2190012""","White",20,2.4
"Ridgefield School District","=""1180011""","American Indian or Alaska Native",0,"*"
"Ridgefield School District","=""1180011""","Asian",19,5.8
"Ridgefield School District","=""1180011""","Black or African American","*","*"
"Ridgefield School District","=""1180011""","Hispanic/Latino of any race",32,9.2
"Ridgefield School District","=""1180011""","Native Hawaiian or Other Pacific Islander",0,"*"
"Ridgefield School District","=""1180011""","Two or More Races","*","*"
"Ridgefield School District","=""1180011""","White",223,5.7
"Rocky Hill School District","=""1190011""","American Indian or Alaska Native",0,"*"
"Rocky Hill School District","=""1190011""","Asian",34,4.5
"Rocky Hill School District","=""1190011""","Black or African American","*","*"
"Rocky Hill School District","=""1190011""","Hispanic/Latino of any race",42,15.2
"Rocky Hill School District","=""1190011""","Two or More Races","*","*"
"Rocky Hill School District","=""1190011""","White",70,4.9
"Salem School District","=""1210011""","American Indian or Alaska Native",0,"*"
"Salem School District","=""1210011""","Asian",0,"*"
"Salem School District","=""1210011""","Black or African American",0,"*"
"Salem School District","=""1210011""","Hispanic/Latino of any race",0,0.0
"Salem School District","=""1210011""","Two or More Races","*","*"
"Salem School District","=""1210011""","White","*","*"
"Salisbury School District","=""1220011""","American Indian or Alaska Native",0,"*"
"Salisbury School District","=""1220011""","Asian",0,"*"
"Salisbury School District","=""1220011""","Black or African American",0,"*"
"Salisbury School District","=""1220011""","Hispanic/Latino of any race","*","*"
"Salisbury School District","=""1220011""","Two or More Races",0,0.0
"Salisbury School District","=""1220011""","White","*","*"
"Scotland School District","=""1230011""","Hispanic/Latino of any race",0,"*"
"Scotland School District","=""1230011""","Two or More Races","*","*"
"Scotland School District","=""1230011""","White","*","*"
"Seymour School District","=""1240011""","American Indian or Alaska Native","*","*"
"Seymour School District","=""1240011""","Asian","*","*"
"Seymour School District","=""1240011""","Black or African American",11,10.7
"Seymour School District","=""1240011""","Hispanic/Latino of any race",57,16.8
"Seymour School District","=""1240011""","Two or More Races",7,"*"
"Seymour School District","=""1240011""","White",162,10.1
"Sharon School District","=""1250011""","Asian",0,"*"
"Sharon School District","=""1250011""","Black or African American",0,"*"
"Sharon School District","=""1250011""","Hispanic/Latino of any race","*","*"
"Sharon School District","=""1250011""","Native Hawaiian or Other Pacific Islander",0,"*"
"Sharon School District","=""1250011""","Two or More Races",0,"*"
"Sharon School District","=""1250011""","White","*","*"
"Shelton School District","=""1260011""","American Indian or Alaska Native",0,"*"
"Shelton School District","=""1260011""","Asian",8,2.9
"Shelton School District","=""1260011""","Black or African American",36,11.7
"Shelton School District","=""1260011""","Hispanic/Latino of any race",67,9.0
"Shelton School District","=""1260011""","Native Hawaiian or Other Pacific Islander",0,"*"
"Shelton School District","=""1260011""","Two or More Races",9,6.3
"Shelton School District","=""1260011""","White",212,6.7
"Sherman School District","=""1270011""","American Indian or Alaska Native","*","*"
"Sherman School District","=""1270011""","Asian",0,"*"
"Sherman School District","=""1270011""","Black or African American",0,"*"
"Sherman School District","=""1270011""","Hispanic/Latino of any race",0,"*"
"Sherman School District","=""1270011""","Two or More Races",0,"*"
"Sherman School District","=""1270011""","White","*","*"
"Side By Side Charter School District","=""2700013""","Asian",0,"*"
"Side By Side Charter School District","=""2700013""","Black or African American","*","*"
"Side By Side Charter School District","=""2700013""","Hispanic/Latino of any race","*","*"
"Side By Side Charter School District","=""2700013""","Two or More Races",0,"*"
"Side By Side Charter School District","=""2700013""","White",0,0.0
"Simsbury School District","=""1280011""","American Indian or Alaska Native",0,"*"
"Simsbury School District","=""1280011""","Asian","*","*"
"Simsbury School District","=""1280011""","Black or African American",27,11.9
"Simsbury School District","=""1280011""","Hispanic/Latino of any race",39,10.7
"Simsbury School District","=""1280011""","Native Hawaiian or Other Pacific Islander",0,"*"
"Simsbury School District","=""1280011""","Two or More Races","*","*"
"Simsbury School District","=""1280011""","White",154,5.1
"Somers School District","=""1290011""","American Indian or Alaska Native",0,"*"
"Somers School District","=""1290011""","Asian","*","*"
"Somers School District","=""1290011""","Black or African American",15,34.9
"Somers School District","=""1290011""","Hispanic/Latino of any race",8,13.3
"Somers School District","=""1290011""","Native Hawaiian or Other Pacific Islander",0,"*"
"Somers School District","=""1290011""","Two or More Races","*","*"
"Somers School District","=""1290011""","White",141,11.8
"South Windsor School District","=""1320011""","American Indian or Alaska Native",0,"*"
"South Windsor School District","=""1320011""","Asian",55,5.7
"South Windsor School District","=""1320011""","Black or African American",36,13.5
"South Windsor School District","=""1320011""","Hispanic/Latino of any race",26,7.0
"South Windsor School District","=""1320011""","Native Hawaiian or Other Pacific Islander",0,"*"
"South Windsor School District","=""1320011""","Two or More Races",11,5.0
"South Windsor School District","=""1320011""","White",96,3.9
"Southington School District","=""1310011""","American Indian or Alaska Native",0,"*"
"Southington School District","=""1310011""","Asian","*","*"
"Southington School District","=""1310011""","Black or African American",23,15.3
"Southington School District","=""1310011""","Hispanic/Latino of any race",72,12.2
"Southington School District","=""1310011""","Native Hawaiian or Other Pacific Islander","*","*"
"Southington School District","=""1310011""","Two or More Races",23,9.2
"Southington School District","=""1310011""","White",270,5.3
"Sprague School District","=""1330011""","American Indian or Alaska Native",0,"*"
"Sprague School District","=""1330011""","Asian","*","*"
"Sprague School District","=""1330011""","Black or African American",0,"*"
"Sprague School District","=""1330011""","Hispanic/Latino of any race",6,16.7
"Sprague School District","=""1330011""","Native Hawaiian or Other Pacific Islander",0,"*"
"Sprague School District","=""1330011""","Two or More Races","*","*"
"Sprague School District","=""1330011""","White",27,13.5
"Stafford School District","=""1340011""","American Indian or Alaska Native",0,"*"
"Stafford School District","=""1340011""","Asian","*","*"
"Stafford School District","=""1340011""","Black or African American","*","*"
"Stafford School District","=""1340011""","Hispanic/Latino of any race",9,8.0
"Stafford School District","=""1340011""","Two or More Races","*","*"
"Stafford School District","=""1340011""","White",95,7.9
"Stamford Academy District","=""2820013""","Black or African American",57,75.0
"Stamford Academy District","=""2820013""","Hispanic/Latino of any race",42,71.2
"Stamford Academy District","=""2820013""","Two or More Races","*","*"
"Stamford Academy District","=""2820013""","White","*","*"
"Stamford Charter School for Excellence District","=""2960013""","American Indian or Alaska Native",0,"*"
"Stamford Charter School for Excellence District","=""2960013""","Asian","*","*"
"Stamford Charter School for Excellence District","=""2960013""","Black or African American",16,12.5
"Stamford Charter School for Excellence District","=""2960013""","Hispanic/Latino of any race","*","*"
"Stamford Charter School for Excellence District","=""2960013""","Native Hawaiian or Other Pacific Islander",0,"*"
"Stamford Charter School for Excellence District","=""2960013""","Two or More Races",0,"*"
"Stamford Charter School for Excellence District","=""2960013""","White",0,"*"
"Stamford School District","=""1350011""","American Indian or Alaska Native","*","*"
"Stamford School District","=""1350011""","Asian",139,11.6
"Stamford School District","=""1350011""","Black or African American",335,13.7
"Stamford School District","=""1350011""","Hispanic/Latino of any race",848,12.7
"Stamford School District","=""1350011""","Native Hawaiian or Other Pacific Islander","*","*"
"Stamford School District","=""1350011""","Two or More Races",73,14.5
"Stamford School District","=""1350011""","White",370,7.3
"State Level","=""0000000""","American Indian or Alaska Native",156,12.0
"State Level","=""0000000""","Asian",1658,6.3
"State Level","=""0000000""","Black or African American",9868,15.2
"State Level","=""0000000""","Hispanic/Latino of any race",21698,16.4
"State Level","=""0000000""","Native Hawaiian or Other Pacific Islander",51,9.9
"State Level","=""0000000""","Two or More Races",1807,10.0
"State Level","=""0000000""","White",17953,6.7
"Sterling School District","=""1360011""","American Indian or Alaska Native",0,"*"
"Sterling School District","=""1360011""","Asian",0,"*"
"Sterling School District","=""1360011""","Black or African American","*","*"
"Sterling School District","=""1360011""","Hispanic/Latino of any race","*","*"
"Sterling School District","=""1360011""","Two or More Races","*","*"
"Sterling School District","=""1360011""","White",22,7.7
"Stonington School District","=""1370011""","American Indian or Alaska Native","*","*"
"Stonington School District","=""1370011""","Asian",9,17.3
"Stonington School District","=""1370011""","Black or African American","*","*"
"Stonington School District","=""1370011""","Hispanic/Latino of any race",18,16.1
"Stonington School District","=""1370011""","Native Hawaiian or Other Pacific Islander",0,"*"
"Stonington School District","=""1370011""","Two or More Races","*","*"
"Stonington School District","=""1370011""","White",146,8.6
"Stratford School District","=""1380011""","American Indian or Alaska Native",0,"*"
"Stratford School District","=""1380011""","Asian","*","*"
"Stratford School District","=""1380011""","Black or African American",188,12.3
"Stratford School District","=""1380011""","Hispanic/Latino of any race",320,13.9
"Stratford School District","=""1380011""","Native Hawaiian or Other Pacific Islander","*","*"
"Stratford School District","=""1380011""","Two or More Races",25,10.3
"Stratford School District","=""1380011""","White",240,9.9
"Suffield School District","=""1390011""","American Indian or Alaska Native","*","*"
"Suffield School District","=""1390011""","Asian","*","*"
"Suffield School District","=""1390011""","Black or African American",11,16.2
"Suffield School District","=""1390011""","Hispanic/Latino of any race",22,16.3
"Suffield School District","=""1390011""","Native Hawaiian or Other Pacific Islander",0,"*"
"Suffield School District","=""1390011""","Two or More Races","*","*"
"Suffield School District","=""1390011""","White",99,5.5
"The Bridge Academy District","=""2690013""","American Indian or Alaska Native",0,"*"
"The Bridge Academy District","=""2690013""","Asian","*","*"
"The Bridge Academy District","=""2690013""","Black or African American",24,16.3
"The Bridge Academy District","=""2690013""","Hispanic/Latino of any race","*","*"
"The Bridge Academy District","=""2690013""","White",0,"*"
"The Gilbert School District","=""9020022""","Asian","*","*"
"The Gilbert School District","=""9020022""","Black or African American","*","*"
"The Gilbert School District","=""9020022""","Hispanic/Latino of any race",11,13.4
"The Gilbert School District","=""9020022""","Two or More Races",6,"*"
"The Gilbert School District","=""9020022""","White",48,13.9
"The Woodstock Academy District","=""9030022""","American Indian or Alaska Native","*","*"
"The Woodstock Academy District","=""9030022""","Asian","*","*"
"The Woodstock Academy District","=""9030022""","Black or African American","*","*"
"The Woodstock Academy District","=""9030022""","Hispanic/Latino of any race","*","*"
"The Woodstock Academy District","=""9030022""","Two or More Races","*","*"
"The Woodstock Academy District","=""9030022""","White",98,10.7
"Thomaston School District","=""1400011""","American Indian or Alaska Native",0,"*"
"Thomaston School District","=""1400011""","Asian",0,"*"
"Thomaston School District","=""1400011""","Black or African American","*","*"
"Thomaston School District","=""1400011""","Hispanic/Latino of any race",6,18.2
"Thomaston School District","=""1400011""","Native Hawaiian or Other Pacific Islander",0,"*"
"Thomaston School District","=""1400011""","Two or More Races","*","*"
"Thomaston School District","=""1400011""","White",34,4.5
"Thompson School District","=""1410011""","Asian","*","*"
"Thompson School District","=""1410011""","Black or African American",0,"*"
"Thompson School District","=""1410011""","Hispanic/Latino of any race",13,17.3
"Thompson School District","=""1410011""","Two or More Races","*","*"
"Thompson School District","=""1410011""","White",69,8.5
"Tolland School District","=""1420011""","American Indian or Alaska Native",0,"*"
"Tolland School District","=""1420011""","Asian","*","*"
"Tolland School District","=""1420011""","Black or African American","*","*"
"Tolland School District","=""1420011""","Hispanic/Latino of any race",6,6.1
"Tolland School District","=""1420011""","Native Hawaiian or Other Pacific Islander",0,"*"
"Tolland School District","=""1420011""","Two or More Races",0,0.0
"Tolland School District","=""1420011""","White",81,3.9
"Torrington School District","=""1430011""","American Indian or Alaska Native",0,"*"
"Torrington School District","=""1430011""","Asian","*","*"
"Torrington School District","=""1430011""","Black or African American",23,14.5
"Torrington School District","=""1430011""","Hispanic/Latino of any race",137,12.5
"Torrington School District","=""1430011""","Native Hawaiian or Other Pacific Islander","*","*"
"Torrington School District","=""1430011""","Two or More Races",24,18.3
"Torrington School District","=""1430011""","White",248,10.9
"Trailblazers Academy District","=""2780013""","Asian",0,"*"
"Trailblazers Academy District","=""2780013""","Black or African American","*","*"
"Trailblazers Academy District","=""2780013""","Hispanic/Latino of any race",0,0.0
"Trailblazers Academy District","=""2780013""","Two or More Races",0,"*"
"Trailblazers Academy District","=""2780013""","White",0,"*"
"Trumbull School District","=""1440011""","American Indian or Alaska Native",0,"*"
"Trumbull School District","=""1440011""","Asian",30,4.8
"Trumbull School District","=""1440011""","Black or African American","*","*"
"Trumbull School District","=""1440011""","Hispanic/Latino of any race",56,6.6
"Trumbull School District","=""1440011""","Native Hawaiian or Other Pacific Islander",0,"*"
"Trumbull School District","=""1440011""","Two or More Races","*","*"
"Trumbull School District","=""1440011""","White",209,4.5
"Unified School District #1","=""3360015""","Black or African American",7,9.1
"Unified School District #1","=""3360015""","Hispanic/Latino of any race","*","*"
"Unified School District #1","=""3360015""","Two or More Races",0,"*"
"Unified School District #1","=""3360015""","White","*","*"
"Unified School District #2","=""3470015""","Asian",0,"*"
"Unified School District #2","=""3470015""","Black or African American",6,25.0
"Unified School District #2","=""3470015""","Hispanic/Latino of any race",6,18.2
"Unified School District #2","=""3470015""","Two or More Races",0,"*"
"Unified School District #2","=""3470015""","White",10,25.6
"Union School District","=""1450011""","Hispanic/Latino of any race","*","*"
"Union School District","=""1450011""","White","*","*"
"Vernon School District","=""1460011""","American Indian or Alaska Native",0,"*"
"Vernon School District","=""1460011""","Asian",20,11.2
"Vernon School District","=""1460011""","Black or African American",26,8.1
"Vernon School District","=""1460011""","Hispanic/Latino of any race",78,13.4
"Vernon School District","=""1460011""","Native Hawaiian or Other Pacific Islander",0,"*"
"Vernon School District","=""1460011""","Two or More Races",21,10.8
"Vernon School District","=""1460011""","White",116,6.8
"Voluntown School District","=""1470011""","American Indian or Alaska Native",0,"*"
"Voluntown School District","=""1470011""","Asian",0,"*"
"Voluntown School District","=""1470011""","Black or African American",0,"*"
"Voluntown School District","=""1470011""","Hispanic/Latino of any race",0,"*"
"Voluntown School District","=""1470011""","Native Hawaiian or Other Pacific Islander",0,"*"
"Voluntown School District","=""1470011""","Two or More Races",0,"*"
"Voluntown School District","=""1470011""","White",9,4.5
"Wallingford School District","=""1480011""","American Indian or Alaska Native","*","*"
"Wallingford School District","=""1480011""","Asian",11,4.0
"Wallingford School District","=""1480011""","Black or African American",9,7.3
"Wallingford School District","=""1480011""","Hispanic/Latino of any race",79,7.9
"Wallingford School District","=""1480011""","Native Hawaiian or Other Pacific Islander","*","*"
"Wallingford School District","=""1480011""","Two or More Races","*","*"
"Wallingford School District","=""1480011""","White",230,5.6
"Waterbury School District","=""1510011""","American Indian or Alaska Native",12,"*"
"Waterbury School District","=""1510011""","Asian",26,9.4
"Waterbury School District","=""1510011""","Black or African American",662,16.7
"Waterbury School District","=""1510011""","Hispanic/Latino of any race",1679,16.8
"Waterbury School District","=""1510011""","Native Hawaiian or Other Pacific Islander",0,"*"
"Waterbury School District","=""1510011""","Two or More Races",97,15.2
"Waterbury School District","=""1510011""","White",314,10.8
"Waterford School District","=""1520011""","American Indian or Alaska Native",0,"*"
"Waterford School District","=""1520011""","Asian","*","*"
"Waterford School District","=""1520011""","Black or African American","*","*"
"Waterford School District","=""1520011""","Hispanic/Latino of any race",23,8.7
"Waterford School District","=""1520011""","Native Hawaiian or Other Pacific Islander",0,"*"
"Waterford School District","=""1520011""","Two or More Races",11,11.1
"Waterford School District","=""1520011""","White",109,5.8
"Watertown School District","=""1530011""","American Indian or Alaska Native","*","*"
"Watertown School District","=""1530011""","Asian","*","*"
"Watertown School District","=""1530011""","Black or African American",11,13.3
"Watertown School District","=""1530011""","Hispanic/Latino of any race",26,11.6
"Watertown School District","=""1530011""","Two or More Races",12,17.6
"Watertown School District","=""1530011""","White",227,10.1
"West Hartford School District","=""1550011""","American Indian or Alaska Native",0,"*"
"West Hartford School District","=""1550011""","Asian",58,5.6
"West Hartford School District","=""1550011""","Black or African American",69,9.0
"West Hartford School District","=""1550011""","Hispanic/Latino of any race",238,13.3
"West Hartford School District","=""1550011""","Native Hawaiian or Other Pacific Islander",0,"*"
"West Hartford School District","=""1550011""","Two or More Races",20,4.3
"West Hartford School District","=""1550011""","White",248,4.7
"West Haven School District","=""1560011""","American Indian or Alaska Native",0,"*"
"West Haven School District","=""1560011""","Asian",22,9.8
"West Haven School District","=""1560011""","Black or African American",179,13.6
"West Haven School District","=""1560011""","Hispanic/Latino of any race",335,15.0
"West Haven School District","=""1560011""","Native Hawaiian or Other Pacific Islander",0,"*"
"West Haven School District","=""1560011""","Two or More Races",40,17.5
"West Haven School District","=""1560011""","White",219,12.0
"Westbrook School District","=""1540011""","American Indian or Alaska Native",0,"*"
"Westbrook School District","=""1540011""","Asian",0,"*"
"Westbrook School District","=""1540011""","Black or African American",0,"*"
"Westbrook School District","=""1540011""","Hispanic/Latino of any race","*","*"
"Westbrook School District","=""1540011""","Native Hawaiian or Other Pacific Islander",0,"*"
"Westbrook School District","=""1540011""","Two or More Races","*","*"
"Westbrook School District","=""1540011""","White",19,3.8
"Weston School District","=""1570011""","Asian","*","*"
"Weston School District","=""1570011""","Black or African American",9,20.9
"Weston School District","=""1570011""","Hispanic/Latino of any race",12,9.2
"Weston School District","=""1570011""","Two or More Races","*","*"
"Weston School District","=""1570011""","White",139,7.4
"Westport School District","=""1580011""","American Indian or Alaska Native",0,"*"
"Westport School District","=""1580011""","Asian",11,3.0
"Westport School District","=""1580011""","Black or African American",16,"*"
"Westport School District","=""1580011""","Hispanic/Latino of any race",27,7.7
"Westport School District","=""1580011""","Two or More Races",6,2.4
"Westport School District","=""1580011""","White",190,4.4
"Wethersfield School District","=""1590011""","American Indian or Alaska Native",0,"*"
"Wethersfield School District","=""1590011""","Asian","*","*"
"Wethersfield School District","=""1590011""","Black or African American",15,11.0
"Wethersfield School District","=""1590011""","Hispanic/Latino of any race",49,7.8
"Wethersfield School District","=""1590011""","Native Hawaiian or Other Pacific Islander",0,"*"
"Wethersfield School District","=""1590011""","Two or More Races","*","*"
"Wethersfield School District","=""1590011""","White",90,3.6
"Willington School District","=""1600011""","Asian","*","*"
"Willington School District","=""1600011""","Black or African American",0,"*"
"Willington School District","=""1600011""","Hispanic/Latino of any race","*","*"
"Willington School District","=""1600011""","Two or More Races","*","*"
"Willington School District","=""1600011""","White",23,6.5
"Wilton School District","=""1610011""","American Indian or Alaska Native",0,"*"
"Wilton School District","=""1610011""","Asian","*","*"
"Wilton School District","=""1610011""","Black or African American","*","*"
"Wilton School District","=""1610011""","Hispanic/Latino of any race",22,9.3
"Wilton School District","=""1610011""","Two or More Races",9,4.1
"Wilton School District","=""1610011""","White",144,4.8
"Winchester School District","=""1620011""","Asian","*","*"
"Winchester School District","=""1620011""","Black or African American","*","*"
"Winchester School District","=""1620011""","Hispanic/Latino of any race","*","*"
"Winchester School District","=""1620011""","Two or More Races","*","*"
"Winchester School District","=""1620011""","White",24,5.8
"Windham School District","=""1630011""","American Indian or Alaska Native","*","*"
"Windham School District","=""1630011""","Asian","*","*"
"Windham School District","=""1630011""","Black or African American",29,26.4
"Windham School District","=""1630011""","Hispanic/Latino of any race",427,19.3
"Windham School District","=""1630011""","Native Hawaiian or Other Pacific Islander",0,"*"
"Windham School District","=""1630011""","Two or More Races",12,17.1
"Windham School District","=""1630011""","White",86,12.2
"Windsor Locks School District","=""1650011""","American Indian or Alaska Native","*","*"
"Windsor Locks School District","=""1650011""","Asian",12,9.6
"Windsor Locks School District","=""1650011""","Black or African American",40,21.2
"Windsor Locks School District","=""1650011""","Hispanic/Latino of any race",43,18.3
"Windsor Locks School District","=""1650011""","Native Hawaiian or Other Pacific Islander",0,"*"
"Windsor Locks School District","=""1650011""","Two or More Races","*","*"
"Windsor Locks School District","=""1650011""","White",82,9.5
"Windsor School District","=""1640011""","American Indian or Alaska Native",0,"*"
"Windsor School District","=""1640011""","Asian",9,6.8
"Windsor School District","=""1640011""","Black or African American",144,10.0
"Windsor School District","=""1640011""","Hispanic/Latino of any race",72,11.6
"Windsor School District","=""1640011""","Native Hawaiian or Other Pacific Islander",0,"*"
"Windsor School District","=""1640011""","Two or More Races",17,8.3
"Windsor School District","=""1640011""","White",68,8.4
"Wolcott School District","=""1660011""","American Indian or Alaska Native",0,"*"
"Wolcott School District","=""1660011""","Asian","*","*"
"Wolcott School District","=""1660011""","Black or African American",6,8.5
"Wolcott School District","=""1660011""","Hispanic/Latino of any race",11,6.2
"Wolcott School District","=""1660011""","Two or More Races","*","*"
"Wolcott School District","=""1660011""","White",74,4.0
"Woodbridge School District","=""1670011""","American Indian or Alaska Native",0,"*"
"Woodbridge School District","=""1670011""","Asian",7,6.0
"Woodbridge School District","=""1670011""","Black or African American",0,"*"
"Woodbridge School District","=""1670011""","Hispanic/Latino of any race","*","*"
"Woodbridge School District","=""1670011""","Two or More Races","*","*"
"Woodbridge School District","=""1670011""","White",36,6.3
"Woodstock School District","=""1690011""","Asian","*","*"
"Woodstock School District","=""1690011""","Black or African American",0,"*"
"Woodstock School District","=""1690011""","Hispanic/Latino of any race",0,0.0
"Woodstock School District","=""1690011""","Two or More Races","*","*"
"Woodstock School District","=""1690011""","White",37,5.0

